hour,num_comments
2024-11-01 06:00:00,556
2024-11-01 07:00:00,3907
2024-11-01 08:00:00,6543
2024-11-01 09:00:00,3996
2024-11-01 10:00:00,1992
2024-11-01 11:00:00,1329
2024-11-01 12:00:00,12443
2024-11-01 13:00:00,456
2024-11-01 14:00:00,2685
2024-11-01 15:00:00,1771
2024-11-01 16:00:00,3130
2024-11-01 17:00:00,2973
2024-11-01 18:00:00,523
2024-11-01 19:00:00,1993
2024-11-01 20:00:00,475
2024-11-01 21:00:00,521
2024-11-01 23:00:00,933
2024-11-02 00:00:00,35
2024-11-02 01:00:00,665
2024-11-02 04:00:00,644
2024-11-02 05:00:00,157
2024-11-02 06:00:00,848
2024-11-02 07:00:00,17594
2024-11-02 08:00:00,234
2024-11-02 09:00:00,6495
2024-11-02 10:00:00,1518
2024-11-02 11:00:00,65
2024-11-02 12:00:00,1928
2024-11-02 13:00:00,342
2024-11-02 14:00:00,2826
2024-11-02 15:00:00,629
2024-11-02 16:00:00,2288
2024-11-02 17:00:00,262
2024-11-02 18:00:00,65
2024-11-02 19:00:00,6298
2024-11-02 20:00:00,2967
2024-11-02 21:00:00,411
2024-11-02 22:00:00,966
2024-11-02 23:00:00,752
2024-11-03 00:00:00,357
2024-11-03 01:00:00,68
2024-11-03 03:00:00,221
2024-11-03 06:00:00,617
2024-11-03 07:00:00,3039
2024-11-03 08:00:00,19600
2024-11-03 09:00:00,3062
2024-11-03 10:00:00,661
2024-11-03 11:00:00,4620
2024-11-03 12:00:00,725
2024-11-03 13:00:00,1955
2024-11-03 14:00:00,773
2024-11-03 15:00:00,1451
2024-11-03 16:00:00,768
2024-11-03 17:00:00,1074
2024-11-03 18:00:00,1356
2024-11-03 21:00:00,2139
2024-11-03 22:00:00,333
2024-11-03 23:00:00,933
2024-11-04 01:00:00,511
2024-11-04 03:00:00,78
2024-11-04 04:00:00,4467
2024-11-04 05:00:00,51
2024-11-04 06:00:00,6836
2024-11-04 07:00:00,30119
2024-11-04 08:00:00,934
2024-11-04 09:00:00,3039
2024-11-04 10:00:00,721
2024-11-04 11:00:00,3418
2024-11-04 12:00:00,1512
2024-11-04 13:00:00,461
2024-11-04 14:00:00,5853
2024-11-04 15:00:00,3369
2024-11-04 16:00:00,3722
2024-11-04 17:00:00,942
2024-11-04 18:00:00,1812
2024-11-04 19:00:00,1167
2024-11-04 20:00:00,1131
2024-11-04 21:00:00,514
2024-11-04 22:00:00,496
2024-11-04 23:00:00,930
2024-11-05 02:00:00,96
2024-11-05 03:00:00,356
2024-11-05 05:00:00,21955
2024-11-05 06:00:00,3154
2024-11-05 07:00:00,1446
2024-11-05 08:00:00,1004
2024-11-05 09:00:00,7925
2024-11-05 10:00:00,1137
2024-11-05 11:00:00,1940
2024-11-05 12:00:00,7920
2024-11-05 13:00:00,18855
2024-11-05 14:00:00,32068
2024-11-05 15:00:00,2458
2024-11-05 16:00:00,365
2024-11-05 17:00:00,2988
2024-11-05 18:00:00,991
2024-11-05 19:00:00,107159
2024-11-05 20:00:00,6279
2024-11-05 21:00:00,24620
2024-11-05 22:00:00,83042
2024-11-06 00:00:00,4993
2024-11-06 01:00:00,42720
2024-11-06 05:00:00,59238
2024-11-06 06:00:00,3560
2024-11-06 07:00:00,6538
2024-11-06 08:00:00,11319
2024-11-06 09:00:00,6952
2024-11-06 10:00:00,18898
2024-11-06 11:00:00,4243
2024-11-06 12:00:00,22413
2024-11-06 13:00:00,5080
2024-11-06 14:00:00,6014
2024-11-06 15:00:00,5689
2024-11-06 16:00:00,1550
2024-11-06 17:00:00,19389
2024-11-06 18:00:00,1059
2024-11-06 19:00:00,3948
2024-11-06 20:00:00,1349
2024-11-06 21:00:00,753
2024-11-06 22:00:00,857
2024-11-07 05:00:00,288
2024-11-07 06:00:00,10256
2024-11-07 07:00:00,3254
2024-11-07 08:00:00,6274
2024-11-07 09:00:00,4041
2024-11-07 10:00:00,6014
2024-11-07 11:00:00,9834
2024-11-07 12:00:00,8117
2024-11-07 13:00:00,2661
2024-11-07 14:00:00,6114
2024-11-07 15:00:00,6007
2024-11-07 16:00:00,1860
2024-11-07 17:00:00,1801
2024-11-07 18:00:00,5172
2024-11-07 19:00:00,679
2024-11-07 21:00:00,2554
2024-11-07 22:00:00,1127
2024-11-07 23:00:00,850
2024-11-08 00:00:00,1966
2024-11-08 05:00:00,1118
2024-11-08 06:00:00,113
2024-11-08 07:00:00,10769
2024-11-08 08:00:00,4327
2024-11-08 09:00:00,901
2024-11-08 10:00:00,5189
2024-11-08 11:00:00,3815
2024-11-08 12:00:00,9674
2024-11-08 13:00:00,1910
2024-11-08 14:00:00,1370
2024-11-08 15:00:00,1586
2024-11-08 16:00:00,4830
2024-11-08 17:00:00,117
2024-11-08 18:00:00,135
2024-11-08 19:00:00,4739
2024-11-08 20:00:00,1006
2024-11-08 21:00:00,1254
2024-11-08 22:00:00,472
2024-11-08 23:00:00,8343
2024-11-09 00:00:00,688
2024-11-09 01:00:00,195
2024-11-09 02:00:00,485
2024-11-09 05:00:00,1289
2024-11-09 06:00:00,1088
2024-11-09 07:00:00,429
2024-11-09 08:00:00,11537
2024-11-09 09:00:00,1677
2024-11-09 10:00:00,1133
2024-11-09 11:00:00,2736
2024-11-09 12:00:00,5127
2024-11-09 13:00:00,2407
2024-11-09 14:00:00,675
2024-11-09 15:00:00,3461
2024-11-09 16:00:00,1460
2024-11-09 17:00:00,3601
2024-11-09 18:00:00,907
2024-11-09 19:00:00,1816
2024-11-09 20:00:00,2412
2024-11-09 21:00:00,1245
2024-11-09 22:00:00,118
2024-11-09 23:00:00,759
2024-11-10 00:00:00,2665
2024-11-10 01:00:00,813
2024-11-10 04:00:00,796
2024-11-10 06:00:00,550
2024-11-10 07:00:00,6307
2024-11-10 08:00:00,26
2024-11-10 09:00:00,609
2024-11-10 10:00:00,2874
2024-11-10 11:00:00,1981
2024-11-10 12:00:00,1607
2024-11-10 13:00:00,8863
2024-11-10 14:00:00,3914
2024-11-10 15:00:00,5044
2024-11-10 16:00:00,1190
2024-11-10 17:00:00,1285
2024-11-10 18:00:00,4387
2024-11-10 19:00:00,2351
2024-11-10 20:00:00,407
2024-11-10 21:00:00,2165
2024-11-11 00:00:00,289
2024-11-11 03:00:00,44
2024-11-11 04:00:00,527
2024-11-11 05:00:00,172
2024-11-11 06:00:00,3485
2024-11-11 07:00:00,1341
2024-11-11 08:00:00,1550
2024-11-11 09:00:00,4530
2024-11-11 10:00:00,870
2024-11-11 11:00:00,4735
2024-11-11 12:00:00,7532
2024-11-11 13:00:00,3151
2024-11-11 14:00:00,2329
2024-11-11 15:00:00,1471
2024-11-11 16:00:00,2102
2024-11-11 17:00:00,1900
2024-11-11 18:00:00,650
2024-11-11 19:00:00,981
2024-11-11 20:00:00,1234
2024-11-11 21:00:00,169
2024-11-11 22:00:00,47
2024-11-11 23:00:00,429
2024-11-12 00:00:00,1040
2024-11-12 01:00:00,415
2024-11-12 02:00:00,10
2024-11-12 04:00:00,440
2024-11-12 05:00:00,194
2024-11-12 06:00:00,2112
2024-11-12 07:00:00,7271
2024-11-12 08:00:00,1877
2024-11-12 09:00:00,4036
2024-11-12 10:00:00,294
2024-11-12 11:00:00,979
2024-11-12 12:00:00,867
2024-11-12 13:00:00,4323
2024-11-12 14:00:00,2937
2024-11-12 15:00:00,2133
2024-11-12 16:00:00,1557
2024-11-12 17:00:00,2156
2024-11-12 18:00:00,5589
2024-11-12 19:00:00,5751
2024-11-12 20:00:00,2041
2024-11-12 21:00:00,79
2024-11-12 22:00:00,353
2024-11-12 23:00:00,804
2024-11-13 02:00:00,912
2024-11-13 05:00:00,4776
2024-11-13 06:00:00,197
2024-11-13 07:00:00,2667
2024-11-13 08:00:00,11966
2024-11-13 09:00:00,1206
2024-11-13 10:00:00,2216
2024-11-13 11:00:00,337
2024-11-13 12:00:00,11358
2024-11-13 13:00:00,129
2024-11-13 14:00:00,1835
2024-11-13 15:00:00,10615
2024-11-13 16:00:00,732
2024-11-13 17:00:00,1357
2024-11-13 18:00:00,1140
2024-11-13 19:00:00,3731
2024-11-13 20:00:00,1584
2024-11-13 21:00:00,561
2024-11-13 22:00:00,313
2024-11-13 23:00:00,1398
2024-11-14 01:00:00,101
2024-11-14 02:00:00,516
2024-11-14 06:00:00,1306
2024-11-14 07:00:00,1845
2024-11-14 08:00:00,3406
2024-11-14 09:00:00,512
2024-11-14 10:00:00,2559
2024-11-14 11:00:00,485
2024-11-14 12:00:00,4501
2024-11-14 13:00:00,1260
2024-11-14 14:00:00,1431
2024-11-14 15:00:00,4777
2024-11-14 16:00:00,4904
2024-11-14 17:00:00,3630
2024-11-14 18:00:00,175
2024-11-14 19:00:00,951
2024-11-14 20:00:00,2202
2024-11-14 22:00:00,475
2024-11-14 23:00:00,355
